INSERT INTO defaultdb.users (id, first_name, last_name, email, password) VALUES (1, 'Paul', 'Harrohide', 'paul.harrohide@yahoo.fr', 'password');
INSERT INTO defaultdb.users (id, first_name, last_name, email, password) VALUES (2, 'Harry', 'Covert', 'harry.covert@yahoo.fr', 'password');
INSERT INTO defaultdb.users (id, first_name, last_name, email, password) VALUES (3, 'Alain', 'Posteur', 'alain.posteur@yahoo.fr', 'password');
INSERT INTO defaultdb.users (id, first_name, last_name, email, password) VALUES (4, 'Elvire', 'Debord', 'elvire.debord@yahoo.fr', 'password');
INSERT INTO defaultdb.users (id, first_name, last_name, email, password) VALUES (5, 'Laurent', 'Barre', 'laurent.barre@yahoo.fr', 'password');
INSERT INTO defaultdb.users (id, first_name, last_name, email, password) VALUES (6, 'Homer', 'Cipourtoux', 'homer.cipourtoux@yahoo.fr', 'password');
INSERT INTO defaultdb.users (id, first_name, last_name, email, password) VALUES (7, 'Gaston', 'Laplouz', 'gaston.laplouz@yahoo.fr', 'password');
INSERT INTO defaultdb.users (id, first_name, last_name, email, password) VALUES (8, 'Gisele', 'Detable', 'gisele.detable@yahoo.fr', 'password');
INSERT INTO defaultdb.users (id, first_name, last_name, email, password) VALUES (9, 'Thomas', 'Ouaque', 'thomas.ouaque@yahoo.fr', 'password');
INSERT INTO defaultdb.users (id, first_name, last_name, email, password) VALUES (10, 'Sacha', 'Telfrize', 'sacha.telfrize@yahoo.fr', 'password');


INSERT INTO defaultdb.mood (id_mood, type_mood) VALUES (1, 'fete');
INSERT INTO defaultdb.mood (id_mood, type_mood) VALUES (2, 'chill');
INSERT INTO defaultdb.mood (id_mood, type_mood) VALUES (3, 'oublie');

INSERT INTO defaultdb.thune (id_thune, montant_thune) VALUES (1, 'pauvre');
INSERT INTO defaultdb.thune (id_thune, montant_thune) VALUES (2, 'normal');
INSERT INTO defaultdb.thune (id_thune, montant_thune) VALUES (3, 'riche');

INSERT INTO defaultdb.poto (id_poto, type_poto) VALUES (1, 'collegue');
INSERT INTO defaultdb.poto (id_poto, type_poto) VALUES (2, 'crush');
INSERT INTO defaultdb.poto (id_poto, type_poto) VALUES (3, 'seul');


/*INSERT INTO defaultdb.tease (id_tease, tease_name,url_image, fk_id_mood, fk_id_thune, fk_id_poto) VALUES (1, 'biére',url ,1,1,1)*/

/*INSERT INTO defaultdb.tease (id_tease, tease_name,tease_com, url_image, fk_id_mood, fk_id_thune, fk_id_poto) VALUES (1, 'biere','Match My Bottle vous conseille une bonne biere pour votre soiree. Une chouffe si vous voulez que ça tabasse. Ou une Kronenbourg si c\'est la fin du mois.','https://www.businessmarches.com/wp-content/uploads/2011/04/biere.jpg',1,1,1);
INSERT INTO defaultdb.tease (id_tease, tease_name,tease_com, url_image, fk_id_mood, fk_id_thune, fk_id_poto) VALUES (2, 'mojito','Rien de mieux qu''un bon mojito maison fait dans les regles de l''art : du rhum, du citron, des feuilles de menthe, du sucre de canne et quelques glaçons suffissent. ','https://www.destinationcocktails.fr/wp-content/uploads/2019/11/cocktail-mojito.jpg',1,2,2)*/

INSERT INTO defaultdb.tease (id_tease, tease_name,tease_com, url_image, fk_id_mood, fk_id_thune, fk_id_poto) VALUES (1, 'Champagne','Match My Bottle vous conseille une bouteille de champagne pour impressionner votre crush. Parcequ\'une grande histoire d\'amour n\'a jamais commencé autour d\'un verre d\'eau.' ,'https://stickeramoi.com/17807-large_default/sticker-bouteille-et-flute-de-champagne.jpg' ,1,3,2);
INSERT INTO defaultdb.tease (id_tease, tease_name,tease_com, url_image, fk_id_mood, fk_id_thune, fk_id_poto) VALUES (2, 'Ricard','Match My Bottle vous conseille un bon verre de ricard. Le Ricard, c\'est comme les seins. Un c\'est pas assez et trois c\'est trop.','https://encrypted-tbn0.gstatic.com/images?q=tbn:ANd9GcS7EE2tnpKK1_EX8STCRcYsYo_00x8kALYfBw&usqp=CAU',2,2,1);
INSERT INTO defaultdb.tease (id_tease, tease_name,tease_com, url_image, fk_id_mood, fk_id_thune, fk_id_poto) VALUES (3, 'Belvedere','Match My Bottle vous conseille une bouteille de Belve. L\'avocat monte à la barre mais la vodka se descend au bar','https://www.lacavedantoine.com/34113-food_large_default/belvedere-vodka-pure-illuminated-300-cl-40.jpg',1,3,1);
INSERT INTO defaultdb.tease (id_tease, tease_name,tease_com, url_image, fk_id_mood, fk_id_thune, fk_id_poto) VALUES (4, '3 mètres de shot','Match My Bottle vous conseille de prendre 3m de shot. Les shots fondent l\'amitie, tu pourrais ne pas rentrer seul ce soir.','https://assets.afcdn.com/recipe/20181204/84588_w1024h1024c1cx2123cy1552.webp',1,3,3);
INSERT INTO defaultdb.tease (id_tease, tease_name,tease_com, url_image, fk_id_mood, fk_id_thune, fk_id_poto) VALUES (5, 'Mojito','Match My Bottle vous conseille un mojito. Quand la vie te donne des citrons, trouve de la menthe, du rhum, de la glace et fais-toi un mojito... ','https://www.destinationcocktails.fr/wp-content/uploads/2019/11/cocktail-mojito.jpg',1,2,1);
INSERT INTO defaultdb.tease (id_tease, tease_name,tease_com, url_image, fk_id_mood, fk_id_thune, fk_id_poto) VALUES (6, 'Caipirinha','Match My Bottle vous conseille un caipirinha. 1 caipirinha réduit le stress de 50%. 2 caipirinhas réduisent le stress de 70%. 3 caipirinhas réduisent le stress de 90%. 4 caipirinhas et vous devenez maître Yoda.','https://assets.afcdn.com/recipe/20140130/55454_w1024h768c1cx300cy250.webp',1,2,2);
INSERT INTO defaultdb.tease (id_tease, tease_name,tease_com, url_image, fk_id_mood, fk_id_thune, fk_id_poto) VALUES (7, 'Menthe Pastille','Match My Bottle vous conseille une bouteille de menthe pastille. Il y a au moins une chose qui restera positive dans votre vie : votre taux d\'alcoolémie !','http://www.sauvage-bar.fr/wp-content/uploads/2020/05/P1000639-scaled.jpg',1,2,3);
INSERT INTO defaultdb.tease (id_tease, tease_name,tease_com, url_image, fk_id_mood, fk_id_thune, fk_id_poto) VALUES (8, 'Cubi de rouge','Match My Bottle vous conseille un cubi de rouge. Il vaut mieux boire de la piquette avec des gens chouettes que prendre des grands crus avec des trous de cul ! ','https://www.codiclic.com/media/catalog/product/cache/1/small_image/9df78eab33525d08d6e5fb8d27136e95/3/8/38439_1_2_4.jpg',1,1,1);
INSERT INTO defaultdb.tease (id_tease, tease_name,tease_com, url_image, fk_id_mood, fk_id_thune, fk_id_poto) VALUES (9, 'Cidre','Match My Bottle vous conseille une bouteille cidre. C\'est comme du champagne mais en moins cher !','https://resize-elle.ladmedia.fr/r/625,,forcex/crop/625,804,center-middle,forcex,ffffff/img/var/plain_site/storage/images/elle-a-table/les-dossiers-de-la-redaction/news-de-la-redaction/le-retour-du-cidre-3491495/81165509-1-fre-FR/Le-retour-du-cidre.jpg',1,1,2);
INSERT INTO defaultdb.tease (id_tease, tease_name,tease_com, url_image, fk_id_mood, fk_id_thune, fk_id_poto) VALUES (10, 'Une 8.6','Match My Bottle vous conseille une cannette de 8.6. Encore mieux qu\'un 69 : une 8.6 !!' ,'https://media-verticommnetwork1.netdna-ssl.com/wines/86-original-1735749-s767.jpg',1,1,3);
INSERT INTO defaultdb.tease (id_tease, tease_name,tease_com, url_image, fk_id_mood, fk_id_thune, fk_id_poto) VALUES (11, 'Whisky','Match My Bottle vous conseille un verre de whisky. What whiskey will not cure there is no cure for.','https://lesraffineurs.b-cdn.net/15734-large_default/coffret-de-quatre-verres-a-whisky.jpg',2,3,1);
INSERT INTO defaultdb.tease (id_tease, tease_name,tease_com, url_image, fk_id_mood, fk_id_thune, fk_id_poto) VALUES (12, 'Biére blonde','Match My Bottle vous conseille une biere blonde. Une chouffe si vous voulez que ça tabasse. Ou une Kronenbourg si c\'est la fin du mois.','https://www.businessmarches.com/wp-content/uploads/2011/04/biere.jpg',2,1,1);
INSERT INTO defaultdb.tease (id_tease, tease_name,tease_com, url_image, fk_id_mood, fk_id_thune, fk_id_poto) VALUES (13, 'Champagne','Match My Bottle vous conseille une bouteille de champagne pour impressionner votre crush. Parcequ\'une grande histoire d\'amour n\'a jamais commencé autour d\'un verre d\'eau.' ,'https://stickeramoi.com/17807-large_default/sticker-bouteille-et-flute-de-champagne.jpg' ,2,3,2);
INSERT INTO defaultdb.tease (id_tease, tease_name,tease_com, url_image, fk_id_mood, fk_id_thune, fk_id_poto) VALUES (14, 'Spritz','Match My Bottle vous conseille un verre de spritz. "T\'as bu?" "Oui, un verre !" "Mais tu es complètement bourré !!" "Normal, je l\'ai rempli plusieurs fois !"','https://www.destinationcocktails.fr/wp-content/uploads/recipes/348_spritz.jpg',2,2,2);
INSERT INTO defaultdb.tease (id_tease, tease_name,tease_com, url_image, fk_id_mood, fk_id_thune, fk_id_poto) VALUES (15, 'Rosé de provence','Match My Bottle vous conseille une bouteille de rosé de provence. A ceux qui ne voient pas la rosée du matin, à cause du rosé de la veille !','https://www.destinationcocktails.fr/wp-content/uploads/recipes/446_rosepamplemousse.jpg',2,1,2);
INSERT INTO defaultdb.tease (id_tease, tease_name,tease_com, url_image, fk_id_mood, fk_id_thune, fk_id_poto) VALUES (16, 'Whisky','Match My Bottle vous conseille un verre de whisky. What whiskey will not cure there is no cure for.','https://lesraffineurs.b-cdn.net/15734-large_default/coffret-de-quatre-verres-a-whisky.jpg',3,3,1);
INSERT INTO defaultdb.tease (id_tease, tease_name,tease_com, url_image, fk_id_mood, fk_id_thune, fk_id_poto) VALUES (17, 'Armagnac','Match My Bottle vous conseille un verre d\'Armagnac. Je préfère le vieil Armagnac aux vieillards maniaques.','https://m.media-amazon.com/images/I/71NRf17uGgL._AC_SX569_.jpg',2,3,3);
INSERT INTO defaultdb.tease (id_tease, tease_name,tease_com, url_image, fk_id_mood, fk_id_thune, fk_id_poto) VALUES (18, 'Vin rouge','Match My Bottle vous conseille un verre de vin rouge. Mieux vaut boire du rouge que broyer du noir.','https://vinumdesign.com/assets/uploads/2013/10/6408-00-red-wine_rotwein.jpg',2,2,3);
INSERT INTO defaultdb.tease (id_tease, tease_name,tease_com, url_image, fk_id_mood, fk_id_thune, fk_id_poto) VALUES (19, 'Tisane','Match My Bottle vous conseille une tasse de tisane. Mieux vaut une tisane, que de la tease Anne !','https://media.ooreka.fr/public/image/tisane-romarin-main-13469967.jpg',2,1,3);
INSERT INTO defaultdb.tease (id_tease, tease_name,tease_com, url_image, fk_id_mood, fk_id_thune, fk_id_poto) VALUES (20, 'Tequila','Match My Bottle vous conseille une bouteille de Tequila. Il y a qu\'une seule race, celle que vous allez vous mettre ce soir !! ','https://drhmarket.com/15463/san-jos%C3%A9-ap%C3%A9ritif-t%C3%A9quila-silver-35-la-bouteille-de-70-cl.jpg',3,2,1);
INSERT INTO defaultdb.tease (id_tease, tease_name,tease_com, url_image, fk_id_mood, fk_id_thune, fk_id_poto) VALUES (21, 'Une 8.6','Match My Bottle vous conseille une cannette de 8.6. Encore mieux qu\'un 69 : une 8.6 !!' ,'https://media-verticommnetwork1.netdna-ssl.com/wines/86-original-1735749-s767.jpg',3,1,1);
INSERT INTO defaultdb.tease (id_tease, tease_name,tease_com, url_image, fk_id_mood, fk_id_thune, fk_id_poto) VALUES (22, 'Caipirinha','Match My Bottle vous conseille un caipirinha. 1 caipirinha réduit le stress de 50%. 2 caipirinhas réduisent le stress de 70%. 3 caipirinhas réduisent le stress de 90%. 4 caipirinhas et vous devenez maître Yoda.','https://assets.afcdn.com/recipe/20140130/55454_w1024h768c1cx300cy250.webp',3,3,2);
INSERT INTO defaultdb.tease (id_tease, tease_name,tease_com, url_image, fk_id_mood, fk_id_thune, fk_id_poto) VALUES (23, 'Martini','Match My Bottle vous conseille un martini. L\'état d\'ébriété quel beau pays !','https://assets.afcdn.com/recipe/20180827/81970_w1024h768c1cx518cy627.webp',3,2,2);
INSERT INTO defaultdb.tease (id_tease, tease_name,tease_com, url_image, fk_id_mood, fk_id_thune, fk_id_poto) VALUES (24, 'Cubi de rosé','Match My Bottle vous conseille un cubi de rosé. Le meilleur rosé n\'est pas nécessairement le plus cher, mais celui que l\'on partage !','https://courses.monoprix.fr/images-v3/0c44253f-c4a3-4340-9d37-d41e42b9d14a/ba95d0e9-27ea-464b-81e1-6cf9cfcbae2c/500x500.jpg',3,1,2);
INSERT INTO defaultdb.tease (id_tease, tease_name,tease_com, url_image, fk_id_mood, fk_id_thune, fk_id_poto) VALUES (25, 'Un verre d\'eau','Match My Bottle vous conseille d\'aller boire un verre d\'eau. L\'eau resout tous les problemes. Si tu veux une belle peau, bois de l\'eau ! Si tu veux maigrir, bois de l\'eau ! Si tu n\'aimes pas quelqu\'un, noie-le ','data:image/jpeg;base64,/9j/4AAQSkZJRgABAQAAAQABAAD/2wCEAAoHCBYVFRgVFRUYGBgYGBgYGBgYGBgYGBgYGBgZGhkYGBocIS4lHB4rHxgYJjgmKy8xNTU1GiQ7QDs0Py40NjEBDAwMEA8QGhISGjEhGCExNDQ0NDE0NDQ0NDQ0NDQ0NDQ0NDQ0NDQxNDQ0NDQ/NDQ/ND80NDQ0NDQ/Pz8xMT8/P//AABEIALcBEwMBIgACEQEDEQH/xAAbAAABBQEBAAAAAAAAAAAAAAADAAECBAUGB//EAEgQAAIBAgQDBQQECgcIAwAAAAECAAMRBBIhMQVBURMiYYGRBnGhsTJS0fAHFEJykpOiwdLhFSNTVLLC8RYzNENilKOzc4LD/8QAGQEBAQEBAQEAAAAAAAAAAAAAAQACAwQF/8QAHxEBAQEAAQQDAQAAAAAAAAAAAAERAgMSIVETMUFh/9oADAMBAAIRAxEAPwDiXI6D0kRboPSQDSSGeHy7pdn4CTWkOgjpDpM20AdiOg9I/ZjoJYEFUMpagGQdB6SBQdB6Q4iaa2jYqsg6D0gnQdJZeV3Mdq8AsPARrCOTFabCSgRyB0iEYmW1JADpFbwEgHkg80ia3SR8hHYyBiKRUdJEqOklmikAig6S5w8C1cWH/D6eGbEYdb+mnnAWljCLdMQRuUo0x72rJU//ABMZVQqqd4gjbQeX87yDoOkuY6qHqOwsAXNrdBoPgBK5hoqo6WkbeENVgI7QMi+EMoHSV6Zh0MYYkVHQR1UdIjHWXkj0lHQekNkHQekFShhJUSmo6D0mlhkHQekoU5p4faGgfIOg9I8eKW1Oa/FTF2dp0dfCW5ShXw4M8nHnOTqzkhFaNltIu00zp2qQbPBGImanFCBomeDzwbPHEd3lao8k7yuxjIkgZINA5pJWmsQ94xjKY5liQJjhpBjGvNAW8iTGvFJFCLILJiQSIlvAU/6p2+tiUHlRo1Wb/wBiyoCJqYNAuHUnfssTXPvr1Ewq/BCfOP1KKyM0TvIMYJzIHdrwRj5pGKFpmWElenLCRMEjrGMkkCPSh4ClDSVWKU0sPMynNPD7TNCzFHijh1q4tBMTFWEu4zHgzBxWKnzejxrYNU6wZEgr3MnmnqwBOsE5lhjK1RpuRA1HgS8VRoLNNYkyZBzFmkTFGklkLySmIGWSg1Me8EciDZx1E38BiURARQps/NnV3Nr6EBnyqbnkBtNBfaPWwASw0yhremaMF1yAcHnJqpOwJ9wJnZt7UvlBz1tbgFayptb8nISN+sWJ4piQLl8Va17jFXFuvdEvCyuTXC1DtTc+5GP7oReHV+VCr+qf+GatTjtQ71MV/wB1UgG4w/18R54qoYpn1cBWRS7UKqqoJLNSdVAHMkrYCalbDuQ9NEdytLD0cqKztdFRn7qgm2dXPnKjYxqhCZqjBzlKvXqFTfrc6DnsdpYrcS1YjPd3LAoxQ7tfUG9u9t4+AlfSUG4Tif7tiP1FX+GCPBsT/dsR+oq/wzWpVqj/AERW/wC4cfNhL6cPxJXMC6gC5JxZOnuVjaPgOX/ofE/3bEfqan8Mf+h8SBrhsR+pqfwzp8ElVqbOa1XKvPt3I3tfLY32lrCMWQuMTibj6tVwu1zodY7FjiDRdPpoyfnqy/MQqTpMRxuuMOzGvXOc5AvaGx2N2ve40PpOeNUuqFtwCL2AuAdNhykoeSSRkkgVilCwVKGEhR6c08MNJm0pp4eFUWYo0UtTHr15n1Xki94JxOHHjjWmUyYeCaMDN4hS8r1WkiYN1jiAaRywpSMBEoFZBhLBEG4iKBHWIxCSEBiJjLHIkmyaQ7FW5m/pa8pUxr7puYgD8Rw5G5FQHxsxH2zCQWPgN/dcDX1+Up9FdqW7Knps9S//AI/5xV8WzKATsLeUJWX+o32rEeTIDf1EoW0hBQC0YGO41kVm4FjBmz5vqI7fslR8XEHiH+iOgufgP8sLhl0qN0RE83cN/hptK2JPePhpD9BlrEbEjzmrguKOFKljqCN+sxkGYzQTD2W+4HMbXmsTtvZ5B+Ktf6yemcX/AMUHTw+Wm/L6fLwsP8Jh+FELhrHYrm8g9MfbCY8ZKbgHZWB/OVbN+1ec/wBajiuIf8Kn57fJj+8Sgp7lP80n9th/lmlXs2GPhUPxCiZaDuU/zD5f1jm3xm59C/acIkhJrJD0oYQNKWKaXkKPSmlQlKnRmjh6RmTBYoTso8lrjVjvEsTQxBtGkrRWijARyI4iMEC0gTCOIIiJNeQaSCxiskEwjASbLGtIHQSdoyyck3N8NRHTtB6uZkVzY7WPz1+/pNXBsXoJTUd7tCq3PNiCB6tLdH2TrGl27lETSwclC2Y2sL7H4SkOshH7jj/qVviR8iIOkN50HCvZntO1U4inlVc16Qas7gZHASmtiSQvqfdfoOFeymEemHAxTsfyQcOX337MPmHuM1OIvJ51XXnACeoYz8HCsmalUrBidEqUkUjrfM6j0MxMR+D+sCEWvh2YmwXtAr36FDz9xMe2jXK0BZM31qw/8SfbWPpKlcXY+/8AlOqp+zdV6COMoSmhdgWAYmo+furudGX0mV/QWIOuQKp1BepSQEEmxu7jex98s8hnYejqJ0eJF6HumfT4bUubBbKbFs65L7kB75SfAGdQfZysKa0qmSm7i4zuug+syi7Bdd7WHOFlp8C0zkw4Y3IFK583LEfsiCxjE4fMd2Qk+8jX43lnHIiL+LvUTIaf084Q3Cg6ghiF35TMqcRpOlNM2UupsjfTKElUIFhqwAZQbEhl6iF406wcLbsmU9Sf3TN5IOiL8Rm/zTX4thESo1OmXIGRlFRRTqFSLklGsVNzov0rAG1jeZVRLNl+rZf0QF/dNZg0pNZCTWBHozRoJM6jNOg2kKl6is0aYtaZ1AzRU3hDIs2iivFJODkWMlI2kDLJZYlEkRJIGRk2kJJGI04RBDhJKKfZyDpLjLK7iRoGS8kKULSSGySSq1OCl/JKtRdYwHoWyOWFwuViOq5gpHnmAlv2ToJVxIUp3ezJYAsLsCoLXBuB3jpeAwag51P5VN/2AKn+SXPZGowqVWKgBKTi4QDvXSwzW8L2vL2q6zDcKQKz4XtUZWBKU8Q9MOhFr3vqwIuL6aWO8pYmvikKl3cvYXyul2N9u4lyfMnUa6QOAxVUqz0nIygu9xpkt8r6X6iNxJnKq9W6h1zIQnce2mhJGnU6+6O0Yu0vamuyFFOXRswszq2Yaghy9jod+7obg8x4Hj6UXAGGVFNg7I6rVcaDVsid09BbcWImFVxCU6RXM5d2VmAyhDa9m53IBPS14NqZzaiykAAWIFyAQABz2+3nGcqsdgeLYElqZd0U3fsyjPZ2DZ8zKz6HQ2LFdNRHf2noNRVBinpqpKlFpF8yW7oJe9unI78rW5D+jXNy1gXy5VLqW1VnzsLnuhUJJvpdeomY2TMNSvJ9NARpob63Fjy1YjxL3UY7Ie11NHUpmey5FLrTV1X3mmQoNxaxJ7pvyiT2upqhoqHQWZboKeRyBYtnCBySdLk7c7Gc9gqa12Sk7LTU2u7aALrbYaEnTXwgMeaNOq9GmquofKjK5yklQL5mOtidyQNOktqa3+0SFSAjKCLWWwsdASCSdSNLm51O15Qr1qbOahUBi5ezKXJINwCSpBGkx1NvWXFa6+4j4giFqi5iMUGu9TD0yXK9zszTALGwKZbEkixvqDm8LShiDd3PV3PqxmlxNu/RX/qw69NFSmfmGmSpvqect2FOTWRklgR6UtU6lpUpw6yTQp1ppYerMajNTDiZK/2sUFliky40NJAwAMIHlhFERaQDRXkjmNHEkEkkqKy0FkMMl9JpU8LpC0yM1llSqNZuVMJpMfEU7GUqpsPLATwg8KlzNRMPK1RnOkpuus2a+HmVUWxmoKbB6OviSvk4Kn4MZoBHptUUqQKlM1BZ1f8A3lSys4XRWy6eY6zMY9NLa392sv4agiPVyPmzIL93KABUpsuXXUWzdNopYwDO7JSR8xsDkyqrKqFqgUM297ubA65vSAqBkKuy5ULdmru5pjMLOtPLcWuEO48NxKeMUGorDRaipZrEjUDLoN9Les1E4c7O9FKgKAu6NlZVc0wTdU3Byq3kJJkq6d1agLaqveAsgz94jW50J0Nhflzmhi07Zy2gQMBclVZs72DZF940UG2kWJFA9zRy7MHqZTnBZ1AZCSEsBqCbX71wLjLD8WDuEp5qigqxAVi6ADvo90W5XXUC23khLizLT/q6bZQ4OZr37q5ha6Ak7uL21GuxmS6hxcMFyKAgN7vqzt3ibZgWtyzXBABvNTGPfO2QWKhUBW3cVu8QfyRbMuYHwlTDYFK1YojZUtcZiqsxVbsqljlW9mtmOw5nQoWOE496aOEoqxbOHdrPnRlPdOa4uveIYa6nrK/CsDhDTqVMTVqgpZUp01HecqxXM5BAFxba+hMse0WCTDMlFGYOgzVCbFCzBSpQgnkbEevhiU3cqUCg52U2CAvdQbBSBcfSOg3kj0ANAbb6sNRy1s3L38jD0tj42t6iQqYWpTFnR0v9dGTUDbvAa2I9RLGGpFiEUXZioA6kkWGsKlzFrmxCLbZn/YRyPmJVxWFKGaXCKJfFg2NgtVgbaHVU3+zrLfGaYvC3LI1Y5qSWPVWxjLFD04dZXpw4MEt4ea+HWZGGM2sMJkj2ik7GPJl59eINIkyJaaOCZpINA3h6C3hiwakhMP2RljCiX8otC3DitwukS06KlhfCVeEIA06JEG85crtbkY9TBm2057ieFIbWd+pB0nPcZpAtpHj4q5RjcGweczdHDyPybw3AqQWdPh6akCFu08eLjq2BNvozmOJYcq1p6tjqSgG04Hj6AuSJvjWeUcuekJQZS7m2XLRAXW2Y5AO9fmbO3vaw5SGJFjePSQ2JK2DoyhzmIJUA5Rra5sfU+XVimZT2NNjsLoO8CBbVW6/RJA/+M9Neko4ep+LJWDscU2VaarmVuzOc3JUavz1N8pXS2+B7MVDnCsyBMyZ1cZgUJ7xyjVwuS9hsCT1l56/ZtTao2co6suR3puaaBghQ5bBTYMGGttrXMoCwdGiM3aB2YHOoXsiCOQqAsQNWuVPS3OSxbhyMjMDqrHJa3IEMGBa4vrYHUjnJnBshRxlLOAzUmzZ1ItuCQzZrh7AgkHTbS/iuEPkAAIKUtbgjvlMzkXH1tPNRuYwKOGVXLA1Si06OcBs5BcahVKBiiGwYka6ecjQp00pgJXYVwWZrqnZcmDLUBzZ7ooBGltrXNz8Kp08O7DF0XLFLojEoQMtgxBGpNzrY2tzvdQYXhRZFIpZ2damQq9r5cuRyCtso100J12khuI5yBVdXaqEzM7ogw7oLL3HJGc+I1OkzKOIOHxLvRSomW5CuR2iXAHeIA1uRy6TVzlUp1MRXLlbZKaMrKEUgMHdSCjDOul+eh00FVxdPNUfP2z1VysaiCyOQO8rbuAbi5CmwvrJAPxypWzmolN2dGBcrlbkcwIsQQVByjck76wVKi9F6bLYOUzAnZTrlI13GhHiIDAUFLXa2Ve8Qet9FGnMn4Sw+JZnD37wty2AGlpm3yZF/2VrMC1M2y0kbLYak1nVjm8bIv3ElxNrkzO4VisgcjnkU9boGuD42ZYsTiM0zZ5a/FCsdZBY7bxhNAanLKoTAUBrNnDUwBeFpzQsNQM28JT2jYRR0mlkAsZnViGSKWsojS1PKCYMmezUPY/Ct+Tr0uJYT2Mwn1PiPsnbsrPc8SBlzDPPZV9jsJ/ZfH+UInsphBtRHrG9OrueTUWlxKk9WX2eww/5K/H7ZMcDw/wDYp6H7Zm9K09zzHDYqxm1Sx4tvOzHA8MP+SssJw+gNqSekzehfa+RxBxnOZWLxILbz01sJSOnZp6QDcJoHeknpKdC+18n8cBgsVY7zfwvENLXnRJw6iu1NP0bw6UkXamn6Ij8F9r5P45jH8Q7s4ziNa5M9bdEO6J+gJXq8NotvTQ//AFEZ0b7V6mvB8c+s0gi9hRY2BK1iAAe8+gFzy7pvp9UeN/W39nsKdTRWec/hGwqUHCouVRkZQNhnRkP/AK21jeGRndcxwUoHyVMwQi5dRcoQNNLi+oA1I0Jm9WamoK9qSrIAxZCRlUgU0VTdrBVXvcrDrrj8L4LVdVem6ZWBOrMrWBIIIy23HWbWH4PUzWJFMZRme9MkMPqWZSRtvr4TJBDj+qLIiLuDmOYhwrBqgN7C17aDeTq4uo4TUqbBEZCyg5XZlYZdT3i9j1JPUzUSigTKGwzsRoalILUB8CHYHmdf5QDLRTKKnZ0nA7rmsVsRrcIEA53vvrHAyq+CDlDUdyz5gXcXAKEjIrjyVvqnk2knSquhd8i0RlICIpDOuXIQ5Wxta5Y6Zjy6WUwtA3zYrDnezB2Q8zcWXncDbkNIdEwiqQaqsTe5/GlAa5vqOy+zaSVMKq1KaKAXIcJ9JFXK2YgJdb5szXPgDy20V4JY2FJ81xo5UIAQSTnG+y8h9LlbWxhDQZVCUksBrVFR3YjYnMcgHP6OWXcfxbDBMjVkJGncw+HLN1LVM1RgfHeOJkf7PNmCG7AksxRDlUEnd7WbTbygXTDhXawDIz5UDqxZCjKFa2zag6X1EzMVh0ctkZQpGt2LsTfwpIALctdRM9FyI753K2ylQgS5YMF2Y3FxzmdiieEAyHLfWo5sdSFsgUX5mw12hWE6j2PwKPhVdkF2ZyNz3c2Ub/mk+cvYjhyD8gek122w68/cRKJ2NXBJ9QSs2FT6gh2rXP4fQiblDUSa0E+qJbpPlGlvQSvGqck8KZpO97CU0rnl8h9kl2zdflM9tPcvZopR7Y9Yodi12uHe385dBuNDfXeY1Oqbfyl1H99hv7/Mz1SsNAN1+ES/fSAD76Na3x+f7pPOevxHxjowUCORBswt+/xkS/h8hAiNINeDD62ufdYW+UbMb89dtALesWRQfWODB3+/oOkZm5Hz+jJDA/6RrQAPx5WEV+l/2ZIYH98a8CG159Po6DzIiB9/vsBf4SQ5M88/C5hb0UqDkch/SBX4M87wOPt2nK/hBxFP8Tem98z2ydQw1DHTbl5w5fRjkfZiplwyE9G9WqPC4nFltL7y17L8L/GeHoaRLVaTslSmACbXZgbX6FffrbXSb2I9iCFurO510VLHw3aeXLrTz3GPrrKS4ioBZHcDoGNvS9pv8Z4BXpvZ6FVU0uxS403KtoCNyL5TyPWdpwH2IotRBaooY87j0ZSQVPhrbqY3Z+CvLC7vuVJ8US/rlip5xsQPcqg/AT1xvYDD7rVW/iy/GxlPE+wd9qtL3Zl+ZAlt9Da8tdHbUsz+8k29YygjcGep0Pwfra5r079M9/W0kPwd5tBWQnXS4OnkdY+Vt9PMKVYqdI+MBOHfQ61UXzszWv5z1TCfgypAntah9y5VHvvrOa9tkpYZMLRSzZalSq6XBaxe1MPbYhQLjwmc3yZrY4XhzRoUqVtVRc3gxFz8SYOvUbkLeYkqPEUqoHF9deUDXqffSd59IB3POU2PhCVH++kBUf76SqK0KjSuDzhQYJZWSvAKfvpJK0ENeNI54pJ19FyLaD7+ct0l8Dr9/SZ9E9T8BL1I6b/KdIll25nYHYHXwtCZbeZ5k/O8Glv9ZIKCeYt4RQpFhpv0Fr+RNpHMvI+h3j2EkKYtv8vlaSQRMp159d/dppChAOQ9PlFk0jhdd/C0UgR0tr4QZUDTw3taGsP9IrCSAsF5G3hbn4SRA1Bvry+5jstyBHYffSIwLKBy8LeEVugt5D4SR8/WRdwPuJAGq4UXY/z95/dPNPbLFFydSbXA8BO64nixY6eu886422Ymc+dMUeAUCUY5lGv9nSc8vynQkDXlCY7h7lr5w3IWVU05fRFoPAPlUjqZaZ/Gcm1N61WmmW7BTzFufIkWv59ZSRCTfN63HyM1cS90tfnKuGSx1kjujsBrsLf7x/3k28pBA6kG502tUcEe6x0mlSHu9JZFMHcD0ji1l4fFViSqqXzad7tHPqW1nYcKwfEHUWo0kH1qgF7dQCT8pTwj5NiB7habOF4qV3Ym0Zx9i1q0vZGqVLVsTTBsbKmHokXtsWdbkX8J5l7WcHaktGoShFVS90ppT1v3lYIBmsec9AxPH3ZbAkTmfaV89Ckh1yZ7eGY3MbxmCMb2fxRAK8putV0+XWclgamVp0FOpfUTPGmjO5gjE5vB30mwIukIhlfOYRWglgNHvAqZMGCFzRQeaKRdjQHWaFBb7R4p0gWlPhHvHiikgT5QinSPFFECYrR4pJAiLLFFJAM56SKsTFFGIxqaW6wFRdLneKKVZc/xU906ziceNYopx5NqdJIcrGimECeknQTWKKSa2EoXMutQEUU6QJ0qMvUcHeKKMSb4QATK4lSulukUUqnKlLNNXDNpFFOZHYyMUU0Ck1iigkgJNYopFKKKKSf/2Q==',3,3,3);
INSERT INTO defaultdb.tease (id_tease, tease_name,tease_com, url_image, fk_id_mood, fk_id_thune, fk_id_poto) VALUES (26, 'Un verre d\'eau','Match My Bottle vous conseille d\'aller boire un verre d\'eau. L\'eau resout tous les problemes. Si tu veux une belle peau, bois de l\'eau ! Si tu veux maigrir, bois de l\'eau ! Si tu n\'aimes pas quelqu\'un, noie-le ','data:image/jpeg;base64,/9j/4AAQSkZJRgABAQAAAQABAAD/2wCEAAoHCBYVFRgVFRUYGBgYGBgYGBgYGBgYGBgYGBgZGhkYGBocIS4lHB4rHxgYJjgmKy8xNTU1GiQ7QDs0Py40NjEBDAwMEA8QGhISGjEhGCExNDQ0NDE0NDQ0NDQ0NDQ0NDQ0NDQ0NDQxNDQ0NDQ/NDQ/ND80NDQ0NDQ/Pz8xMT8/P//AABEIALcBEwMBIgACEQEDEQH/xAAbAAABBQEBAAAAAAAAAAAAAAADAAECBAUGB//EAEgQAAIBAgQDBQQECgcIAwAAAAECAAMRBBIhMQVBURMiYYGRBnGhsTJS0fAHFEJykpOiwdLhFSNTVLLC8RYzNENilKOzc4LD/8QAGQEBAQEBAQEAAAAAAAAAAAAAAQACAwQF/8QAHxEBAQEAAQQDAQAAAAAAAAAAAAERAgMSIVETMUFh/9oADAMBAAIRAxEAPwDiXI6D0kRboPSQDSSGeHy7pdn4CTWkOgjpDpM20AdiOg9I/ZjoJYEFUMpagGQdB6SBQdB6Q4iaa2jYqsg6D0gnQdJZeV3Mdq8AsPARrCOTFabCSgRyB0iEYmW1JADpFbwEgHkg80ia3SR8hHYyBiKRUdJEqOklmikAig6S5w8C1cWH/D6eGbEYdb+mnnAWljCLdMQRuUo0x72rJU//ABMZVQqqd4gjbQeX87yDoOkuY6qHqOwsAXNrdBoPgBK5hoqo6WkbeENVgI7QMi+EMoHSV6Zh0MYYkVHQR1UdIjHWXkj0lHQekNkHQekFShhJUSmo6D0mlhkHQekoU5p4faGgfIOg9I8eKW1Oa/FTF2dp0dfCW5ShXw4M8nHnOTqzkhFaNltIu00zp2qQbPBGImanFCBomeDzwbPHEd3lao8k7yuxjIkgZINA5pJWmsQ94xjKY5liQJjhpBjGvNAW8iTGvFJFCLILJiQSIlvAU/6p2+tiUHlRo1Wb/wBiyoCJqYNAuHUnfssTXPvr1Ewq/BCfOP1KKyM0TvIMYJzIHdrwRj5pGKFpmWElenLCRMEjrGMkkCPSh4ClDSVWKU0sPMynNPD7TNCzFHijh1q4tBMTFWEu4zHgzBxWKnzejxrYNU6wZEgr3MnmnqwBOsE5lhjK1RpuRA1HgS8VRoLNNYkyZBzFmkTFGklkLySmIGWSg1Me8EciDZx1E38BiURARQps/NnV3Nr6EBnyqbnkBtNBfaPWwASw0yhremaMF1yAcHnJqpOwJ9wJnZt7UvlBz1tbgFayptb8nISN+sWJ4piQLl8Va17jFXFuvdEvCyuTXC1DtTc+5GP7oReHV+VCr+qf+GatTjtQ71MV/wB1UgG4w/18R54qoYpn1cBWRS7UKqqoJLNSdVAHMkrYCalbDuQ9NEdytLD0cqKztdFRn7qgm2dXPnKjYxqhCZqjBzlKvXqFTfrc6DnsdpYrcS1YjPd3LAoxQ7tfUG9u9t4+AlfSUG4Tif7tiP1FX+GCPBsT/dsR+oq/wzWpVqj/AERW/wC4cfNhL6cPxJXMC6gC5JxZOnuVjaPgOX/ofE/3bEfqan8Mf+h8SBrhsR+pqfwzp8ElVqbOa1XKvPt3I3tfLY32lrCMWQuMTibj6tVwu1zodY7FjiDRdPpoyfnqy/MQqTpMRxuuMOzGvXOc5AvaGx2N2ve40PpOeNUuqFtwCL2AuAdNhykoeSSRkkgVilCwVKGEhR6c08MNJm0pp4eFUWYo0UtTHr15n1Xki94JxOHHjjWmUyYeCaMDN4hS8r1WkiYN1jiAaRywpSMBEoFZBhLBEG4iKBHWIxCSEBiJjLHIkmyaQ7FW5m/pa8pUxr7puYgD8Rw5G5FQHxsxH2zCQWPgN/dcDX1+Up9FdqW7Knps9S//AI/5xV8WzKATsLeUJWX+o32rEeTIDf1EoW0hBQC0YGO41kVm4FjBmz5vqI7fslR8XEHiH+iOgufgP8sLhl0qN0RE83cN/hptK2JPePhpD9BlrEbEjzmrguKOFKljqCN+sxkGYzQTD2W+4HMbXmsTtvZ5B+Ktf6yemcX/AMUHTw+Wm/L6fLwsP8Jh+FELhrHYrm8g9MfbCY8ZKbgHZWB/OVbN+1ec/wBajiuIf8Kn57fJj+8Sgp7lP80n9th/lmlXs2GPhUPxCiZaDuU/zD5f1jm3xm59C/acIkhJrJD0oYQNKWKaXkKPSmlQlKnRmjh6RmTBYoTso8lrjVjvEsTQxBtGkrRWijARyI4iMEC0gTCOIIiJNeQaSCxiskEwjASbLGtIHQSdoyyck3N8NRHTtB6uZkVzY7WPz1+/pNXBsXoJTUd7tCq3PNiCB6tLdH2TrGl27lETSwclC2Y2sL7H4SkOshH7jj/qVviR8iIOkN50HCvZntO1U4inlVc16Qas7gZHASmtiSQvqfdfoOFeymEemHAxTsfyQcOX337MPmHuM1OIvJ51XXnACeoYz8HCsmalUrBidEqUkUjrfM6j0MxMR+D+sCEWvh2YmwXtAr36FDz9xMe2jXK0BZM31qw/8SfbWPpKlcXY+/8AlOqp+zdV6COMoSmhdgWAYmo+furudGX0mV/QWIOuQKp1BepSQEEmxu7jex98s8hnYejqJ0eJF6HumfT4bUubBbKbFs65L7kB75SfAGdQfZysKa0qmSm7i4zuug+syi7Bdd7WHOFlp8C0zkw4Y3IFK583LEfsiCxjE4fMd2Qk+8jX43lnHIiL+LvUTIaf084Q3Cg6ghiF35TMqcRpOlNM2UupsjfTKElUIFhqwAZQbEhl6iF406wcLbsmU9Sf3TN5IOiL8Rm/zTX4thESo1OmXIGRlFRRTqFSLklGsVNzov0rAG1jeZVRLNl+rZf0QF/dNZg0pNZCTWBHozRoJM6jNOg2kKl6is0aYtaZ1AzRU3hDIs2iivFJODkWMlI2kDLJZYlEkRJIGRk2kJJGI04RBDhJKKfZyDpLjLK7iRoGS8kKULSSGySSq1OCl/JKtRdYwHoWyOWFwuViOq5gpHnmAlv2ToJVxIUp3ezJYAsLsCoLXBuB3jpeAwag51P5VN/2AKn+SXPZGowqVWKgBKTi4QDvXSwzW8L2vL2q6zDcKQKz4XtUZWBKU8Q9MOhFr3vqwIuL6aWO8pYmvikKl3cvYXyul2N9u4lyfMnUa6QOAxVUqz0nIygu9xpkt8r6X6iNxJnKq9W6h1zIQnce2mhJGnU6+6O0Yu0vamuyFFOXRswszq2Yaghy9jod+7obg8x4Hj6UXAGGVFNg7I6rVcaDVsid09BbcWImFVxCU6RXM5d2VmAyhDa9m53IBPS14NqZzaiykAAWIFyAQABz2+3nGcqsdgeLYElqZd0U3fsyjPZ2DZ8zKz6HQ2LFdNRHf2noNRVBinpqpKlFpF8yW7oJe9unI78rW5D+jXNy1gXy5VLqW1VnzsLnuhUJJvpdeomY2TMNSvJ9NARpob63Fjy1YjxL3UY7Ie11NHUpmey5FLrTV1X3mmQoNxaxJ7pvyiT2upqhoqHQWZboKeRyBYtnCBySdLk7c7Gc9gqa12Sk7LTU2u7aALrbYaEnTXwgMeaNOq9GmquofKjK5yklQL5mOtidyQNOktqa3+0SFSAjKCLWWwsdASCSdSNLm51O15Qr1qbOahUBi5ezKXJINwCSpBGkx1NvWXFa6+4j4giFqi5iMUGu9TD0yXK9zszTALGwKZbEkixvqDm8LShiDd3PV3PqxmlxNu/RX/qw69NFSmfmGmSpvqect2FOTWRklgR6UtU6lpUpw6yTQp1ppYerMajNTDiZK/2sUFliky40NJAwAMIHlhFERaQDRXkjmNHEkEkkqKy0FkMMl9JpU8LpC0yM1llSqNZuVMJpMfEU7GUqpsPLATwg8KlzNRMPK1RnOkpuus2a+HmVUWxmoKbB6OviSvk4Kn4MZoBHptUUqQKlM1BZ1f8A3lSys4XRWy6eY6zMY9NLa392sv4agiPVyPmzIL93KABUpsuXXUWzdNopYwDO7JSR8xsDkyqrKqFqgUM297ubA65vSAqBkKuy5ULdmru5pjMLOtPLcWuEO48NxKeMUGorDRaipZrEjUDLoN9Les1E4c7O9FKgKAu6NlZVc0wTdU3Byq3kJJkq6d1agLaqveAsgz94jW50J0Nhflzmhi07Zy2gQMBclVZs72DZF940UG2kWJFA9zRy7MHqZTnBZ1AZCSEsBqCbX71wLjLD8WDuEp5qigqxAVi6ADvo90W5XXUC23khLizLT/q6bZQ4OZr37q5ha6Ak7uL21GuxmS6hxcMFyKAgN7vqzt3ibZgWtyzXBABvNTGPfO2QWKhUBW3cVu8QfyRbMuYHwlTDYFK1YojZUtcZiqsxVbsqljlW9mtmOw5nQoWOE496aOEoqxbOHdrPnRlPdOa4uveIYa6nrK/CsDhDTqVMTVqgpZUp01HecqxXM5BAFxba+hMse0WCTDMlFGYOgzVCbFCzBSpQgnkbEevhiU3cqUCg52U2CAvdQbBSBcfSOg3kj0ANAbb6sNRy1s3L38jD0tj42t6iQqYWpTFnR0v9dGTUDbvAa2I9RLGGpFiEUXZioA6kkWGsKlzFrmxCLbZn/YRyPmJVxWFKGaXCKJfFg2NgtVgbaHVU3+zrLfGaYvC3LI1Y5qSWPVWxjLFD04dZXpw4MEt4ea+HWZGGM2sMJkj2ik7GPJl59eINIkyJaaOCZpINA3h6C3hiwakhMP2RljCiX8otC3DitwukS06KlhfCVeEIA06JEG85crtbkY9TBm2057ieFIbWd+pB0nPcZpAtpHj4q5RjcGweczdHDyPybw3AqQWdPh6akCFu08eLjq2BNvozmOJYcq1p6tjqSgG04Hj6AuSJvjWeUcuekJQZS7m2XLRAXW2Y5AO9fmbO3vaw5SGJFjePSQ2JK2DoyhzmIJUA5Rra5sfU+XVimZT2NNjsLoO8CBbVW6/RJA/+M9Neko4ep+LJWDscU2VaarmVuzOc3JUavz1N8pXS2+B7MVDnCsyBMyZ1cZgUJ7xyjVwuS9hsCT1l56/ZtTao2co6suR3puaaBghQ5bBTYMGGttrXMoCwdGiM3aB2YHOoXsiCOQqAsQNWuVPS3OSxbhyMjMDqrHJa3IEMGBa4vrYHUjnJnBshRxlLOAzUmzZ1ItuCQzZrh7AgkHTbS/iuEPkAAIKUtbgjvlMzkXH1tPNRuYwKOGVXLA1Si06OcBs5BcahVKBiiGwYka6ecjQp00pgJXYVwWZrqnZcmDLUBzZ7ooBGltrXNz8Kp08O7DF0XLFLojEoQMtgxBGpNzrY2tzvdQYXhRZFIpZ2damQq9r5cuRyCtso100J12khuI5yBVdXaqEzM7ogw7oLL3HJGc+I1OkzKOIOHxLvRSomW5CuR2iXAHeIA1uRy6TVzlUp1MRXLlbZKaMrKEUgMHdSCjDOul+eh00FVxdPNUfP2z1VysaiCyOQO8rbuAbi5CmwvrJAPxypWzmolN2dGBcrlbkcwIsQQVByjck76wVKi9F6bLYOUzAnZTrlI13GhHiIDAUFLXa2Ve8Qet9FGnMn4Sw+JZnD37wty2AGlpm3yZF/2VrMC1M2y0kbLYak1nVjm8bIv3ElxNrkzO4VisgcjnkU9boGuD42ZYsTiM0zZ5a/FCsdZBY7bxhNAanLKoTAUBrNnDUwBeFpzQsNQM28JT2jYRR0mlkAsZnViGSKWsojS1PKCYMmezUPY/Ct+Tr0uJYT2Mwn1PiPsnbsrPc8SBlzDPPZV9jsJ/ZfH+UInsphBtRHrG9OrueTUWlxKk9WX2eww/5K/H7ZMcDw/wDYp6H7Zm9K09zzHDYqxm1Sx4tvOzHA8MP+SssJw+gNqSekzehfa+RxBxnOZWLxILbz01sJSOnZp6QDcJoHeknpKdC+18n8cBgsVY7zfwvENLXnRJw6iu1NP0bw6UkXamn6Ij8F9r5P45jH8Q7s4ziNa5M9bdEO6J+gJXq8NotvTQ//AFEZ0b7V6mvB8c+s0gi9hRY2BK1iAAe8+gFzy7pvp9UeN/W39nsKdTRWec/hGwqUHCouVRkZQNhnRkP/AK21jeGRndcxwUoHyVMwQi5dRcoQNNLi+oA1I0Jm9WamoK9qSrIAxZCRlUgU0VTdrBVXvcrDrrj8L4LVdVem6ZWBOrMrWBIIIy23HWbWH4PUzWJFMZRme9MkMPqWZSRtvr4TJBDj+qLIiLuDmOYhwrBqgN7C17aDeTq4uo4TUqbBEZCyg5XZlYZdT3i9j1JPUzUSigTKGwzsRoalILUB8CHYHmdf5QDLRTKKnZ0nA7rmsVsRrcIEA53vvrHAyq+CDlDUdyz5gXcXAKEjIrjyVvqnk2knSquhd8i0RlICIpDOuXIQ5Wxta5Y6Zjy6WUwtA3zYrDnezB2Q8zcWXncDbkNIdEwiqQaqsTe5/GlAa5vqOy+zaSVMKq1KaKAXIcJ9JFXK2YgJdb5szXPgDy20V4JY2FJ81xo5UIAQSTnG+y8h9LlbWxhDQZVCUksBrVFR3YjYnMcgHP6OWXcfxbDBMjVkJGncw+HLN1LVM1RgfHeOJkf7PNmCG7AksxRDlUEnd7WbTbygXTDhXawDIz5UDqxZCjKFa2zag6X1EzMVh0ctkZQpGt2LsTfwpIALctdRM9FyI753K2ylQgS5YMF2Y3FxzmdiieEAyHLfWo5sdSFsgUX5mw12hWE6j2PwKPhVdkF2ZyNz3c2Ub/mk+cvYjhyD8gek122w68/cRKJ2NXBJ9QSs2FT6gh2rXP4fQiblDUSa0E+qJbpPlGlvQSvGqck8KZpO97CU0rnl8h9kl2zdflM9tPcvZopR7Y9Yodi12uHe385dBuNDfXeY1Oqbfyl1H99hv7/Mz1SsNAN1+ES/fSAD76Na3x+f7pPOevxHxjowUCORBswt+/xkS/h8hAiNINeDD62ufdYW+UbMb89dtALesWRQfWODB3+/oOkZm5Hz+jJDA/6RrQAPx5WEV+l/2ZIYH98a8CG159Po6DzIiB9/vsBf4SQ5M88/C5hb0UqDkch/SBX4M87wOPt2nK/hBxFP8Tem98z2ydQw1DHTbl5w5fRjkfZiplwyE9G9WqPC4nFltL7y17L8L/GeHoaRLVaTslSmACbXZgbX6FffrbXSb2I9iCFurO510VLHw3aeXLrTz3GPrrKS4ioBZHcDoGNvS9pv8Z4BXpvZ6FVU0uxS403KtoCNyL5TyPWdpwH2IotRBaooY87j0ZSQVPhrbqY3Z+CvLC7vuVJ8US/rlip5xsQPcqg/AT1xvYDD7rVW/iy/GxlPE+wd9qtL3Zl+ZAlt9Da8tdHbUsz+8k29YygjcGep0Pwfra5r079M9/W0kPwd5tBWQnXS4OnkdY+Vt9PMKVYqdI+MBOHfQ61UXzszWv5z1TCfgypAntah9y5VHvvrOa9tkpYZMLRSzZalSq6XBaxe1MPbYhQLjwmc3yZrY4XhzRoUqVtVRc3gxFz8SYOvUbkLeYkqPEUqoHF9deUDXqffSd59IB3POU2PhCVH++kBUf76SqK0KjSuDzhQYJZWSvAKfvpJK0ENeNI54pJ19FyLaD7+ct0l8Dr9/SZ9E9T8BL1I6b/KdIll25nYHYHXwtCZbeZ5k/O8Glv9ZIKCeYt4RQpFhpv0Fr+RNpHMvI+h3j2EkKYtv8vlaSQRMp159d/dppChAOQ9PlFk0jhdd/C0UgR0tr4QZUDTw3taGsP9IrCSAsF5G3hbn4SRA1Bvry+5jstyBHYffSIwLKBy8LeEVugt5D4SR8/WRdwPuJAGq4UXY/z95/dPNPbLFFydSbXA8BO64nixY6eu886422Ymc+dMUeAUCUY5lGv9nSc8vynQkDXlCY7h7lr5w3IWVU05fRFoPAPlUjqZaZ/Gcm1N61WmmW7BTzFufIkWv59ZSRCTfN63HyM1cS90tfnKuGSx1kjujsBrsLf7x/3k28pBA6kG502tUcEe6x0mlSHu9JZFMHcD0ji1l4fFViSqqXzad7tHPqW1nYcKwfEHUWo0kH1qgF7dQCT8pTwj5NiB7habOF4qV3Ym0Zx9i1q0vZGqVLVsTTBsbKmHokXtsWdbkX8J5l7WcHaktGoShFVS90ppT1v3lYIBmsec9AxPH3ZbAkTmfaV89Ckh1yZ7eGY3MbxmCMb2fxRAK8putV0+XWclgamVp0FOpfUTPGmjO5gjE5vB30mwIukIhlfOYRWglgNHvAqZMGCFzRQeaKRdjQHWaFBb7R4p0gWlPhHvHiikgT5QinSPFFECYrR4pJAiLLFFJAM56SKsTFFGIxqaW6wFRdLneKKVZc/xU906ziceNYopx5NqdJIcrGimECeknQTWKKSa2EoXMutQEUU6QJ0qMvUcHeKKMSb4QATK4lSulukUUqnKlLNNXDNpFFOZHYyMUU0Ck1iigkgJNYopFKKKKSf/2Q==',3,2,3);
INSERT INTO defaultdb.tease (id_tease, tease_name,tease_com, url_image, fk_id_mood, fk_id_thune, fk_id_poto) VALUES (27, 'Biére','Match My Bottle vous conseille d\'aller boire une bonne biére. "Bonjour, je voudrais 2 biéres s\'il vous plait"  "Des pressions ?"   "Non, alcoolisme..."','https://www.cdiscount.com/pdt2/2/9/7/1/700x700/lor3701018099297/rw/8-6-blonde-original-50cl-lot-de-48-canettes.jpg',3,1,3);

INSERT INTO defaultdb.favoris (fk_id_user, name_tease, url_tease, com_tease) VALUES (1, 'Champagne','https://stickeramoi.com/17807-large_default/sticker-bouteille-et-flute-de-champagne.jpg','Match My Bottle vous conseille une bouteille de champagne pour impressionner votre crush. Parcequ\'une grande histoire d\'amour n\'a jamais commencé autour d\'un verre d\'eau.' );
INSERT INTO defaultdb.favoris (fk_id_user, name_tease, url_tease, com_tease) VALUES (1, 'Ricard', 'https://encrypted-tbn0.gstatic.com/images?q=tbn:ANd9GcS7EE2tnpKK1_EX8STCRcYsYo_00x8kALYfBw&usqp=CAU','Match My Bottle vous conseille un bon verre de ricard. Le Ricard, c\'est comme les seins. Un c\'est pas assez et trois c\'est trop.');
INSERT INTO defaultdb.favoris (fk_id_user, name_tease, url_tease, com_tease) VALUES (1, 'Belvedere','https://www.lacavedantoine.com/34113-food_large_default/belvedere-vodka-pure-illuminated-300-cl-40.jpg', 'Match My Bottle vous conseille une bouteille de Belve. L\'avocat monte à la barre mais la vodka se descend au bar');
INSERT INTO defaultdb.favoris (fk_id_user, name_tease, url_tease, com_tease) VALUES (1, 'Caipirinha', 'https://assets.afcdn.com/recipe/20140130/55454_w1024h768c1cx300cy250.webp', 'Match My Bottle vous conseille un caipirinha. 1 caipirinha réduit le stress de 50%. 2 caipirinhas réduisent le stress de 70%. 3 caipirinhas réduisent le stress de 90%. 4 caipirinhas et vous devenez maître Yoda.');
INSERT INTO defaultdb.favoris (fk_id_user, name_tease, url_tease, com_tease) VALUES (5, 'Menthe Pastille', 'http://www.sauvage-bar.fr/wp-content/uploads/2020/05/P1000639-scaled.jpg', 'Match My Bottle vous conseille une bouteille de menthe pastille. Il y a au moins une chose qui restera positive dans votre vie : votre taux d\'alcoolémie !');
INSERT INTO defaultdb.favoris (fk_id_user, name_tease, url_tease, com_tease) VALUES (5, 'Cubi de rouge', 'https://www.codiclic.com/media/catalog/product/cache/1/small_image/9df78eab33525d08d6e5fb8d27136e95/3/8/38439_1_2_4.jpg','Match My Bottle vous conseille un cubi de rouge. Il vaut mieux boire de la piquette avec des gens chouettes que prendre des grands crus avec des trous de cul ! ');
INSERT INTO defaultdb.favoris (fk_id_user, name_tease, url_tease, com_tease) VALUES (5, 'Une 8.6', 'https://media-verticommnetwork1.netdna-ssl.com/wines/86-original-1735749-s767.jpg', 'Match My Bottle vous conseille une cannette de 8.6. Encore mieux qu\'un 69 : une 8.6 !!' );
INSERT INTO defaultdb.favoris (fk_id_user, name_tease, url_tease, com_tease) VALUES (8, 'Spritz', 'https://www.destinationcocktails.fr/wp-content/uploads/recipes/348_spritz.jpg', 'Match My Bottle vous conseille un verre de spritz. "T\'as bu?" "Oui, un verre !" "Mais tu es complètement bourré !!" "Normal, je l\'ai rempli plusieurs fois !"');
INSERT INTO defaultdb.favoris (fk_id_user, name_tease, url_tease, com_tease) VALUES (8, 'Rosé de provence','https://www.destinationcocktails.fr/wp-content/uploads/recipes/446_rosepamplemousse.jpg','Match My Bottle vous conseille une bouteille de rosé de provence. A ceux qui ne voient pas la rosée du matin, à cause du rosé de la veille !');
INSERT INTO defaultdb.favoris (fk_id_user, name_tease, url_tease, com_tease) VALUES (8, 'Armagnac','https://m.media-amazon.com/images/I/71NRf17uGgL._AC_SX569_.jpg','Match My Bottle vous conseille un verre d\'Armagnac. Je préfère le vieil Armagnac aux vieillards maniaques.');
INSERT INTO defaultdb.favoris (fk_id_user, name_tease, url_tease, com_tease) VALUES (8, 'Vin rouge', 'https://vinumdesign.com/assets/uploads/2013/10/6408-00-red-wine_rotwein.jpg', 'Match My Bottle vous conseille un verre de vin rouge. Mieux vaut boire du rouge que broyer du noir.');
INSERT INTO defaultdb.favoris (fk_id_user, name_tease, url_tease, com_tease) VALUES (10, 'Tisane', 'https://media.ooreka.fr/public/image/tisane-romarin-main-13469967.jpg', 'Match My Bottle vous conseille une tasse de tisane. Mieux vaut une tisane, que de la tease Anne !');
INSERT INTO defaultdb.favoris (fk_id_user, name_tease, url_tease, com_tease) VALUES (10, 'Tequila', 'https://drhmarket.com/15463/san-jos%C3%A9-ap%C3%A9ritif-t%C3%A9quila-silver-35-la-bouteille-de-70-cl.jpg', 'Match My Bottle vous conseille une bouteille de Tequila. Il y a qu\'une seule race, celle que vous allez vous mettre ce soir !! ');
INSERT INTO defaultdb.favoris (fk_id_user, name_tease, url_tease, com_tease) VALUES (10, 'Martini', 'https://assets.afcdn.com/recipe/20180827/81970_w1024h768c1cx518cy627.webp','Match My Bottle vous conseille un martini. L\'état d\'ébriété quel beau pays !');
